ID,TxtGridDir,NWavs,NTxtGrids,Task1_wav,Task1_Prompt,Task1_Kaldi,Task1_IBM,Task1_nSpeakers,Task2_wav,Task2_Prompt,Task2_Kaldi,Task2_IBM,Task2_nSpeakers,Task3_wav,Task4_wav,Task_5_wav,Task5_Prompt,Task5_Kaldi,Task5_IBM,Task5_nSpeakers
1000,1,5,3,1,1,0,0,0,1,1,0,0,0,1,1,1,1,0,0,0
1001,1,5,3,1,1,0,0,0,1,1,0,0,0,1,1,1,1,0,0,0
1005,1,5,3,1,1,0,0,0,1,1,0,0,0,1,1,1,1,0,0,0
1013,1,5,3,1,1,0,0,0,1,1,0,0,0,1,1,1,1,0,0,0
1014,1,5,3,1,1,0,0,0,1,1,0,0,0,1,1,1,1,0,0,0
1015,1,5,3,1,1,0,0,0,1,1,0,0,0,1,1,1,1,0,0,0
1016,1,0,0,0,0,0,0,0,0,0,0,0,0,0,0,0,0,0,0,0
1022,1,0,0,0,0,0,0,0,0,0,0,0,0,0,0,0,0,0,0,0
1024,1,5,3,1,1,0,0,0,1,1,0,0,0,1,1,1,1,0,0,0
1025,1,5,3,1,1,0,0,0,1,1,0,0,0,1,1,1,1,0,0,0
1026,1,5,3,1,1,0,0,0,1,1,0,0,0,1,1,1,1,0,0,0
1037,1,5,3,1,1,0,0,0,1,1,0,0,0,1,1,1,1,0,0,0
1042,1,0,0,0,0,0,0,0,0,0,0,0,0,0,0,0,0,0,0,0
1044,1,5,3,1,1,0,0,0,1,1,0,0,0,1,1,1,1,0,0,0
1045,1,5,3,1,1,0,0,0,1,1,0,0,0,1,1,1,1,0,0,0
1046,1,5,3,1,1,0,0,0,1,1,0,0,0,1,1,1,1,0,0,0
1049,1,5,3,1,1,0,0,0,1,1,0,0,0,1,1,1,1,0,0,0
1050,1,5,3,1,1,0,0,0,1,1,0,0,0,1,1,1,1,0,0,0
1052,1,5,3,1,1,0,0,0,1,1,0,0,0,1,1,1,1,0,0,0
1056,1,5,3,1,1,0,0,0,1,1,0,0,0,1,1,1,1,0,0,0
1057,1,5,3,1,1,0,0,0,1,1,0,0,0,1,1,1,1,0,0,0
106,1,0,0,0,0,0,0,0,0,0,0,0,0,0,0,0,0,0,0,0
1066,1,5,3,1,1,0,0,0,1,1,0,0,0,1,1,1,1,0,0,0
1069,1,5,3,1,1,0,0,0,1,1,0,0,0,1,1,1,1,0,0,0
1070,1,5,3,1,1,0,0,0,1,1,0,0,0,1,1,1,1,0,0,0
1075,1,5,3,1,1,0,0,0,1,1,0,0,0,1,1,1,1,0,0,0
1076,1,5,3,1,1,0,0,0,1,1,0,0,0,1,1,1,1,0,0,0
1083,1,5,3,1,1,0,0,0,1,1,0,0,0,1,1,1,1,0,0,0
1092,1,0,0,0,0,0,0,0,0,0,0,0,0,0,0,0,0,0,0,0
1102,1,5,3,1,1,0,0,0,1,1,0,0,0,1,1,1,1,0,0,0
1115,1,5,3,1,1,0,0,0,1,1,0,0,0,1,1,1,1,0,0,0
1119,1,5,3,1,1,0,0,0,1,1,0,0,0,1,1,1,1,0,0,0
1120,1,5,3,1,1,0,0,0,1,1,0,0,0,1,1,1,1,0,0,0
1136,1,5,3,1,1,0,0,0,1,1,0,0,0,1,1,1,1,0,0,0
1137,1,5,3,1,1,0,0,0,1,1,0,0,0,1,1,1,1,0,0,0
1141,1,5,3,1,1,0,0,0,1,1,0,0,0,1,1,1,1,0,0,0
1142,1,5,3,1,1,0,0,0,1,1,0,0,0,1,1,1,1,0,0,0
1143,1,5,3,1,1,0,0,0,1,1,0,0,0,1,1,1,1,0,0,0
1144,1,5,3,1,1,0,0,0,1,1,0,0,0,1,1,1,1,0,0,0
1145,1,5,3,1,1,0,0,0,1,1,0,0,0,1,1,1,1,0,0,0
1150,1,5,3,1,1,0,0,0,1,1,0,0,0,1,1,1,1,0,0,0
1152,1,5,3,1,1,0,0,0,1,1,0,0,0,1,1,1,1,0,0,0
1153,1,5,3,1,1,0,0,0,1,1,0,0,0,1,1,1,1,0,0,0
1162,1,0,0,0,0,0,0,0,0,0,0,0,0,0,0,0,0,0,0,0
1166,1,5,3,1,1,0,0,0,1,1,0,0,0,1,1,1,1,0,0,0
1167,1,5,3,1,1,0,0,0,1,1,0,0,0,1,1,1,1,0,0,0
1168,1,5,3,1,1,0,0,0,1,1,0,0,0,1,1,1,1,0,0,0
1169,1,5,3,1,1,0,0,0,1,1,0,0,0,1,1,1,1,0,0,0
1175,1,5,3,1,1,0,0,0,1,1,0,0,0,1,1,1,1,0,0,0
1176,1,5,3,1,1,0,0,0,1,1,0,0,0,1,1,1,1,0,0,0
1178,1,5,3,1,1,0,0,0,1,1,0,0,0,1,1,1,1,0,0,0
118,1,0,0,0,0,0,0,0,0,0,0,0,0,0,0,0,0,0,0,0
1185,1,5,3,1,1,0,0,0,1,1,0,0,0,1,1,1,1,0,0,0
1191,1,5,3,1,1,0,0,0,1,1,0,0,0,1,1,1,1,0,0,0
1192,1,5,3,1,1,0,0,0,1,1,0,0,0,1,1,1,1,0,0,0
1195,1,0,0,0,0,0,0,0,0,0,0,0,0,0,0,0,0,0,0,0
1203,1,5,3,1,1,0,0,0,1,1,0,0,0,1,1,1,1,0,0,0
1216,1,0,0,0,0,0,0,0,0,0,0,0,0,0,0,0,0,0,0,0
1218,1,5,3,1,1,0,0,0,1,1,0,0,0,1,1,1,1,0,0,0
122,1,5,3,1,1,0,0,0,1,1,0,0,0,1,1,1,1,0,0,0
1221,1,5,3,1,1,0,0,0,1,1,0,0,0,1,1,1,1,0,0,0
1225,1,5,3,1,1,0,0,0,1,1,0,0,0,1,1,1,1,0,0,0
1226,1,5,3,1,1,0,0,0,1,1,0,0,0,1,1,1,1,0,0,0
1228,1,5,3,1,1,0,0,0,1,1,0,0,0,1,1,1,1,0,0,0
1230,1,5,3,1,1,0,0,0,1,1,0,0,0,1,1,1,1,0,0,0
1232,1,5,3,1,1,0,0,0,1,1,0,0,0,1,1,1,1,0,0,0
1235,1,5,3,1,1,0,0,0,1,1,0,0,0,1,1,1,1,0,0,0
1236,1,5,3,1,1,0,0,0,1,1,0,0,0,1,1,1,1,0,0,0
1237,1,5,3,1,1,0,0,0,1,1,0,0,0,1,1,1,1,0,0,0
1240,1,5,3,1,1,0,0,0,1,1,0,0,0,1,1,1,1,0,0,0
1242,1,5,3,1,1,0,0,0,1,1,0,0,0,1,1,1,1,0,0,0
1243,1,5,3,1,1,0,0,0,1,1,0,0,0,1,1,1,1,0,0,0
1244,1,5,3,1,1,0,0,0,1,1,0,0,0,1,1,1,1,0,0,0
1247,1,5,3,1,1,0,0,0,1,1,0,0,0,1,1,1,1,0,0,0
1251,1,5,3,1,1,0,0,0,1,1,0,0,0,1,1,1,1,0,0,0
1254,1,5,3,1,1,0,0,0,1,1,0,0,0,1,1,1,1,0,0,0
1257,1,5,3,1,1,0,0,0,1,1,0,0,0,1,1,1,1,0,0,0
1258,1,5,3,1,1,0,0,0,1,1,0,0,0,1,1,1,1,0,0,0
1259,1,5,3,1,1,0,0,0,1,1,0,0,0,1,1,1,1,0,0,0
1270,1,5,3,1,1,0,0,0,1,1,0,0,0,1,1,1,1,0,0,0
1276,1,5,3,1,1,0,0,0,1,1,0,0,0,1,1,1,1,0,0,0
1278,1,5,3,1,1,0,0,0,1,1,0,0,0,1,1,1,1,0,0,0
1279,1,5,3,1,1,0,0,0,1,1,0,0,0,1,1,1,1,0,0,0
1280,1,5,3,1,1,0,0,0,1,1,0,0,0,1,1,1,1,0,0,0
1281,1,5,3,1,1,0,0,0,1,1,0,0,0,1,1,1,1,0,0,0
1282,1,5,3,1,1,0,0,0,1,1,0,0,0,1,1,1,1,0,0,0
1283,1,5,3,1,1,0,0,0,1,1,0,0,0,1,1,1,1,0,0,0
1285,1,5,3,1,1,0,0,0,1,1,0,0,0,1,1,1,1,0,0,0
1293,1,5,3,1,1,0,0,0,1,1,0,0,0,1,1,1,1,0,0,0
130,1,5,3,1,1,0,0,0,1,1,0,0,0,1,1,1,1,0,0,0
1306,1,5,3,1,1,0,0,0,1,1,0,0,0,1,1,1,1,0,0,0
1308,1,5,3,1,1,0,0,0,1,1,0,0,0,1,1,1,1,0,0,0
1319,1,5,3,1,1,0,0,0,1,1,0,0,0,1,1,1,1,0,0,0
1320,1,5,3,1,1,0,0,0,1,1,0,0,0,1,1,1,1,0,0,0
1327,1,0,0,0,0,0,0,0,0,0,0,0,0,0,0,0,0,0,0,0
1329,1,5,3,1,1,0,0,0,1,1,0,0,0,1,1,1,1,0,0,0
1344,1,5,3,1,1,0,0,0,1,1,0,0,0,1,1,1,1,0,0,0
135,1,5,3,1,1,0,0,0,1,1,0,0,0,1,1,1,1,0,0,0
144,1,0,0,0,0,0,0,0,0,0,0,0,0,0,0,0,0,0,0,0
148,1,0,0,0,0,0,0,0,0,0,0,0,0,0,0,0,0,0,0,0
150,1,0,0,0,0,0,0,0,0,0,0,0,0,0,0,0,0,0,0,0
162,1,0,0,0,0,0,0,0,0,0,0,0,0,0,0,0,0,0,0,0
166,1,5,3,1,1,0,0,0,1,1,0,0,0,1,1,1,1,0,0,0
167,1,0,0,0,0,0,0,0,0,0,0,0,0,0,0,0,0,0,0,0
168,1,0,0,0,0,0,0,0,0,0,0,0,0,0,0,0,0,0,0,0
170,1,5,5,1,1,1,1,2,1,1,0,0,0,1,1,1,1,0,0,0
171,1,0,0,0,0,0,0,0,0,0,0,0,0,0,0,0,0,0,0,0
172,1,2,1,1,1,0,0,0,1,0,0,0,0,0,0,0,0,0,0,0
173,1,5,5,1,1,1,1,2,1,1,0,0,0,1,1,1,1,0,0,0
176,1,5,3,1,1,0,0,0,1,1,0,0,0,1,1,1,1,0,0,0
177,1,5,2,1,1,0,0,0,1,1,0,0,0,1,1,1,0,0,0,0
178,1,0,0,0,0,0,0,0,0,0,0,0,0,0,0,0,0,0,0,0
181,1,5,2,1,1,0,0,0,1,1,0,0,0,1,1,1,0,0,0,0
190,1,5,5,1,1,1,1,3,1,1,0,0,0,1,1,1,1,0,0,0
191,1,5,5,1,1,1,1,3,1,1,0,0,0,1,1,1,1,0,0,0
193,1,5,3,1,1,0,0,0,1,1,0,0,0,1,1,1,1,0,0,0
195,1,0,0,0,0,0,0,0,0,0,0,0,0,0,0,0,0,0,0,0
197,1,5,5,1,1,1,1,2,1,1,0,0,0,1,1,1,1,0,0,0
199,1,5,3,1,1,0,0,0,1,1,0,0,0,1,1,1,1,0,0,0
203,1,5,3,1,1,0,0,0,1,1,0,0,0,1,1,1,1,0,0,0
205,1,5,3,1,1,0,0,0,1,1,0,0,0,1,1,1,1,0,0,0
208,1,5,5,1,1,1,1,3,1,1,0,0,0,1,1,1,1,0,0,0
211,1,5,5,1,1,1,1,2,1,1,0,0,0,1,1,1,1,0,0,0
212,1,5,3,1,1,0,0,0,1,1,0,0,0,1,1,1,1,0,0,0
215,1,0,0,0,0,0,0,0,0,0,0,0,0,0,0,0,0,0,0,0
216,1,5,3,1,1,0,0,0,1,1,0,0,0,1,1,1,1,0,0,0
218,1,2,1,1,1,0,0,0,1,0,0,0,0,0,0,0,0,0,0,0
219,1,5,3,1,1,0,0,0,1,1,0,0,0,1,1,1,1,0,0,0
220,1,5,5,1,1,1,1,2,1,1,0,0,0,1,1,1,1,0,0,0
221,1,5,3,1,1,0,0,0,1,1,0,0,0,1,1,1,1,0,0,0
222,1,5,5,1,1,1,1,2,1,1,0,0,0,1,1,1,1,0,0,0
228,1,5,3,1,1,0,0,0,1,1,0,0,0,1,1,1,1,0,0,0
229,1,5,3,1,1,0,0,0,1,1,0,0,0,1,1,1,1,0,0,0
230,1,5,5,1,1,1,1,2,1,1,0,0,0,1,1,1,1,0,0,0
231,1,5,0,1,0,0,0,0,1,0,0,0,0,1,1,1,0,0,0,0
232,1,5,5,1,1,1,1,2,1,1,0,0,0,1,1,1,1,0,0,0
233,1,5,5,1,1,1,1,3,1,1,0,0,0,1,1,1,1,0,0,0
243,1,5,3,1,1,0,0,0,1,1,0,0,0,1,1,1,1,0,0,0
246,1,5,5,1,1,1,1,3,1,1,0,0,0,1,1,1,1,0,0,0
248,1,0,0,0,0,0,0,0,0,0,0,0,0,0,0,0,0,0,0,0
250,1,5,5,1,1,1,1,3,1,1,0,0,0,1,1,1,1,0,0,0
251,1,5,5,1,1,1,1,2,1,1,0,0,0,1,1,1,1,0,0,0
254,1,0,0,0,0,0,0,0,0,0,0,0,0,0,0,0,0,0,0,0
255,1,5,3,1,1,0,0,0,1,1,0,0,0,1,1,1,1,0,0,0
257,1,0,0,0,0,0,0,0,0,0,0,0,0,0,0,0,0,0,0,0
259,1,5,3,1,1,0,0,0,1,1,0,0,0,1,1,1,1,0,0,0
260,1,5,3,1,1,0,0,0,1,1,0,0,0,1,1,1,1,0,0,0
263,1,5,5,1,1,1,1,2,1,1,0,0,0,1,1,1,1,0,0,0
264,1,5,3,1,1,0,0,0,1,1,0,0,0,1,1,1,1,0,0,0
266,1,5,3,1,1,0,0,0,1,1,0,0,0,1,1,1,1,0,0,0
270,1,5,5,1,1,1,1,3,1,1,0,0,0,1,1,1,1,0,0,0
271,1,5,5,1,1,1,1,2,1,1,0,0,0,1,1,1,1,0,0,0
272,1,5,3,1,1,0,0,0,1,1,0,0,0,1,1,1,1,0,0,0
273,1,0,0,0,0,0,0,0,0,0,0,0,0,0,0,0,0,0,0,0
274,1,0,0,0,0,0,0,0,0,0,0,0,0,0,0,0,0,0,0,0
276,1,0,0,0,0,0,0,0,0,0,0,0,0,0,0,0,0,0,0,0
277,1,5,5,1,1,1,1,2,1,1,0,0,0,1,1,1,1,0,0,0
278,1,0,0,0,0,0,0,0,0,0,0,0,0,0,0,0,0,0,0,0
279,1,5,5,1,1,1,1,2,1,1,0,0,0,1,1,1,1,0,0,0
280,1,0,0,0,0,0,0,0,0,0,0,0,0,0,0,0,0,0,0,0
282,1,5,5,1,1,1,1,2,1,1,0,0,0,1,1,1,1,0,0,0
285,1,0,0,0,0,0,0,0,0,0,0,0,0,0,0,0,0,0,0,0
286,1,0,0,0,0,0,0,0,0,0,0,0,0,0,0,0,0,0,0,0
289,1,5,5,1,1,1,1,2,1,1,0,0,0,1,1,1,1,0,0,0
292,1,0,0,0,0,0,0,0,0,0,0,0,0,0,0,0,0,0,0,0
293,1,5,3,1,1,0,0,0,1,1,0,0,0,1,1,1,1,0,0,0
294,1,5,3,1,1,0,0,0,1,1,0,0,0,1,1,1,1,0,0,0
296,1,0,0,0,0,0,0,0,0,0,0,0,0,0,0,0,0,0,0,0
297,1,5,3,1,1,0,0,0,1,1,0,0,0,1,1,1,1,0,0,0
298,1,0,0,0,0,0,0,0,0,0,0,0,0,0,0,0,0,0,0,0
301,1,0,0,0,0,0,0,0,0,0,0,0,0,0,0,0,0,0,0,0
302,1,5,3,1,1,0,0,0,1,1,0,0,0,1,1,1,1,0,0,0
303,1,5,3,1,1,0,0,0,1,1,0,0,0,1,1,1,1,0,0,0
304,1,5,3,1,1,0,0,0,1,1,0,0,0,1,1,1,1,0,0,0
307,1,5,3,1,1,0,0,0,1,1,0,0,0,1,1,1,1,0,0,0
308,1,0,0,0,0,0,0,0,0,0,0,0,0,0,0,0,0,0,0,0
310,1,5,3,1,1,0,0,0,1,1,0,0,0,1,1,1,1,0,0,0
313,1,5,3,1,1,0,0,0,1,1,0,0,0,1,1,1,1,0,0,0
316,1,5,3,1,1,0,0,0,1,1,0,0,0,1,1,1,1,0,0,0
317,1,5,3,1,1,0,0,0,1,1,0,0,0,1,1,1,1,0,0,0
318,1,5,5,1,1,1,1,2,1,1,0,0,0,1,1,1,1,0,0,0
319,1,0,0,0,0,0,0,0,0,0,0,0,0,0,0,0,0,0,0,0
320,1,5,3,1,1,0,0,0,1,1,0,0,0,1,1,1,1,0,0,0
321,1,5,3,1,1,0,0,0,1,1,0,0,0,1,1,1,1,0,0,0
322,1,5,3,1,1,0,0,0,1,1,0,0,0,1,1,1,1,0,0,0
323,1,5,3,1,1,0,0,0,1,1,0,0,0,1,1,1,1,0,0,0
325,1,5,5,1,1,1,1,3,1,1,0,0,0,1,1,1,1,0,0,0
326,1,0,0,0,0,0,0,0,0,0,0,0,0,0,0,0,0,0,0,0
327,1,0,0,0,0,0,0,0,0,0,0,0,0,0,0,0,0,0,0,0
328,1,5,3,1,1,0,0,0,1,1,0,0,0,1,1,1,1,0,0,0
330,1,0,0,0,0,0,0,0,0,0,0,0,0,0,0,0,0,0,0,0
339,1,5,3,1,1,0,0,0,1,1,0,0,0,1,1,1,1,0,0,0
340,1,0,0,0,0,0,0,0,0,0,0,0,0,0,0,0,0,0,0,0
342,1,5,3,1,1,0,0,0,1,1,0,0,0,1,1,1,1,0,0,0
343,1,5,3,1,1,0,0,0,1,1,0,0,0,1,1,1,1,0,0,0
344,1,0,0,0,0,0,0,0,0,0,0,0,0,0,0,0,0,0,0,0
346,1,5,2,1,1,0,0,0,1,0,0,0,0,1,1,1,1,0,0,0
348,1,0,0,0,0,0,0,0,0,0,0,0,0,0,0,0,0,0,0,0
349,1,5,3,1,1,0,0,0,1,1,0,0,0,1,1,1,1,0,0,0
351,1,5,3,1,1,0,0,0,1,1,0,0,0,1,1,1,1,0,0,0
352,1,5,3,1,1,0,0,0,1,1,0,0,0,1,1,1,1,0,0,0
353,1,5,3,1,1,0,0,0,1,1,0,0,0,1,1,1,1,0,0,0
360,1,0,0,0,0,0,0,0,0,0,0,0,0,0,0,0,0,0,0,0
361,1,0,0,0,0,0,0,0,0,0,0,0,0,0,0,0,0,0,0,0
362,1,5,3,1,1,0,0,0,1,1,0,0,0,1,1,1,1,0,0,0
363,1,0,0,0,0,0,0,0,0,0,0,0,0,0,0,0,0,0,0,0
366,1,0,0,0,0,0,0,0,0,0,0,0,0,0,0,0,0,0,0,0
370,1,5,3,1,1,0,0,0,1,1,0,0,0,1,1,1,1,0,0,0
374,1,0,0,0,0,0,0,0,0,0,0,0,0,0,0,0,0,0,0,0
375,1,5,3,1,1,0,0,0,1,1,0,0,0,1,1,1,1,0,0,0
376,1,5,3,1,1,0,0,0,1,1,0,0,0,1,1,1,1,0,0,0
377,1,5,3,1,1,0,0,0,1,1,0,0,0,1,1,1,1,0,0,0
378,1,5,3,1,1,0,0,0,1,1,0,0,0,1,1,1,1,0,0,0
379,1,5,3,1,1,0,0,0,1,1,0,0,0,1,1,1,1,0,0,0
388,1,0,0,0,0,0,0,0,0,0,0,0,0,0,0,0,0,0,0,0
389,1,5,3,1,1,0,0,0,1,1,0,0,0,1,1,1,1,0,0,0
393,1,5,3,1,1,0,0,0,1,1,0,0,0,1,1,1,1,0,0,0
396,1,5,3,1,1,0,0,0,1,1,0,0,0,1,1,1,1,0,0,0
398,1,5,3,1,1,0,0,0,1,1,0,0,0,1,1,1,1,0,0,0
406,1,5,3,1,1,0,0,0,1,1,0,0,0,1,1,1,1,0,0,0
407,1,5,3,1,1,0,0,0,1,1,0,0,0,1,1,1,1,0,0,0
408,1,5,3,1,1,0,0,0,1,1,0,0,0,1,1,1,1,0,0,0
409,1,5,3,1,1,0,0,0,1,1,0,0,0,1,1,1,1,0,0,0
413,1,5,3,1,1,0,0,0,1,1,0,0,0,1,1,1,1,0,0,0
416,1,5,3,1,1,0,0,0,1,1,0,0,0,1,1,1,1,0,0,0
420,1,0,0,0,0,0,0,0,0,0,0,0,0,0,0,0,0,0,0,0
429,1,5,3,1,1,0,0,0,1,1,0,0,0,1,1,1,1,0,0,0
430,1,5,3,1,1,0,0,0,1,1,0,0,0,1,1,1,1,0,0,0
432,1,5,3,1,1,0,0,0,1,1,0,0,0,1,1,1,1,0,0,0
434,1,0,0,0,0,0,0,0,0,0,0,0,0,0,0,0,0,0,0,0
439,1,4,2,1,1,0,0,0,1,1,0,0,0,1,1,0,0,0,0,0
444,1,0,0,0,0,0,0,0,0,0,0,0,0,0,0,0,0,0,0,0
445,1,5,3,1,1,0,0,0,1,1,0,0,0,1,1,1,1,0,0,0
447,1,0,0,0,0,0,0,0,0,0,0,0,0,0,0,0,0,0,0,0
449,1,0,0,0,0,0,0,0,0,0,0,0,0,0,0,0,0,0,0,0
451,1,5,3,1,1,0,0,0,1,1,0,0,0,1,1,1,1,0,0,0
456,1,0,0,0,0,0,0,0,0,0,0,0,0,0,0,0,0,0,0,0
457,1,5,3,1,1,0,0,0,1,1,0,0,0,1,1,1,1,0,0,0
459,1,5,3,1,1,0,0,0,1,1,0,0,0,1,1,1,1,0,0,0
460,1,5,3,1,1,0,0,0,1,1,0,0,0,1,1,1,1,0,0,0
461,1,5,3,1,1,0,0,0,1,1,0,0,0,1,1,1,1,0,0,0
465,1,5,3,1,1,0,0,0,1,1,0,0,0,1,1,1,1,0,0,0
466,1,5,3,1,1,0,0,0,1,1,0,0,0,1,1,1,1,0,0,0
472,1,0,0,0,0,0,0,0,0,0,0,0,0,0,0,0,0,0,0,0
473,1,5,3,1,1,0,0,0,1,1,0,0,0,1,1,1,1,0,0,0
477,1,5,3,1,1,0,0,0,1,1,0,0,0,1,1,1,1,0,0,0
485,1,0,0,0,0,0,0,0,0,0,0,0,0,0,0,0,0,0,0,0
490,1,5,3,1,1,0,0,0,1,1,0,0,0,1,1,1,1,0,0,0
497,1,5,3,1,1,0,0,0,1,1,0,0,0,1,1,1,1,0,0,0
498,1,5,3,1,1,0,0,0,1,1,0,0,0,1,1,1,1,0,0,0
502,1,5,3,1,1,0,0,0,1,1,0,0,0,1,1,1,1,0,0,0
512,1,0,0,0,0,0,0,0,0,0,0,0,0,0,0,0,0,0,0,0
516,1,5,3,1,1,0,0,0,1,1,0,0,0,1,1,1,1,0,0,0
519,1,0,0,0,0,0,0,0,0,0,0,0,0,0,0,0,0,0,0,0
522,1,5,3,1,1,0,0,0,1,1,0,0,0,1,1,1,1,0,0,0
525,1,5,3,1,1,0,0,0,1,1,0,0,0,1,1,1,1,0,0,0
532,1,0,0,0,0,0,0,0,0,0,0,0,0,0,0,0,0,0,0,0
536,1,5,3,1,1,0,0,0,1,1,0,0,0,1,1,1,1,0,0,0
539,1,0,0,0,0,0,0,0,0,0,0,0,0,0,0,0,0,0,0,0
541,1,0,0,0,0,0,0,0,0,0,0,0,0,0,0,0,0,0,0,0
542,1,5,3,1,1,0,0,0,1,1,0,0,0,1,1,1,1,0,0,0
545,1,5,3,1,1,0,0,0,1,1,0,0,0,1,1,1,1,0,0,0
547,1,0,0,0,0,0,0,0,0,0,0,0,0,0,0,0,0,0,0,0
557,1,0,0,0,0,0,0,0,0,0,0,0,0,0,0,0,0,0,0,0
571,1,0,0,0,0,0,0,0,0,0,0,0,0,0,0,0,0,0,0,0
585,1,0,0,0,0,0,0,0,0,0,0,0,0,0,0,0,0,0,0,0
591,1,0,0,0,0,0,0,0,0,0,0,0,0,0,0,0,0,0,0,0
593,1,0,0,0,0,0,0,0,0,0,0,0,0,0,0,0,0,0,0,0
603,1,5,3,1,1,0,0,0,1,1,0,0,0,1,1,1,1,0,0,0
608,1,5,3,1,1,0,0,0,1,1,0,0,0,1,1,1,1,0,0,0
615,1,0,0,0,0,0,0,0,0,0,0,0,0,0,0,0,0,0,0,0
620,1,0,0,0,0,0,0,0,0,0,0,0,0,0,0,0,0,0,0,0
623,1,0,0,0,0,0,0,0,0,0,0,0,0,0,0,0,0,0,0,0
625,1,0,0,0,0,0,0,0,0,0,0,0,0,0,0,0,0,0,0,0
628,1,5,3,1,1,0,0,0,1,1,0,0,0,1,1,1,1,0,0,0
632,1,5,3,1,1,0,0,0,1,1,0,0,0,1,1,1,1,0,0,0
634,1,0,0,0,0,0,0,0,0,0,0,0,0,0,0,0,0,0,0,0
637,1,0,0,0,0,0,0,0,0,0,0,0,0,0,0,0,0,0,0,0
638,1,0,0,0,0,0,0,0,0,0,0,0,0,0,0,0,0,0,0,0
641,1,5,3,1,1,0,0,0,1,1,0,0,0,1,1,1,1,0,0,0
651,1,5,3,1,1,0,0,0,1,1,0,0,0,1,1,1,1,0,0,0
653,1,5,3,1,1,0,0,0,1,1,0,0,0,1,1,1,1,0,0,0
657,1,0,0,0,0,0,0,0,0,0,0,0,0,0,0,0,0,0,0,0
663,1,0,0,0,0,0,0,0,0,0,0,0,0,0,0,0,0,0,0,0
665,1,5,3,1,1,0,0,0,1,1,0,0,0,1,1,1,1,0,0,0
666,1,0,0,0,0,0,0,0,0,0,0,0,0,0,0,0,0,0,0,0
667,1,5,3,1,1,0,0,0,1,1,0,0,0,1,1,1,1,0,0,0
668,1,0,0,0,0,0,0,0,0,0,0,0,0,0,0,0,0,0,0,0
670,1,5,3,1,1,0,0,0,1,1,0,0,0,1,1,1,1,0,0,0
671,1,5,3,1,1,0,0,0,1,1,0,0,0,1,1,1,1,0,0,0
672,1,0,0,0,0,0,0,0,0,0,0,0,0,0,0,0,0,0,0,0
675,1,0,0,0,0,0,0,0,0,0,0,0,0,0,0,0,0,0,0,0
678,1,5,3,1,1,0,0,0,1,1,0,0,0,1,1,1,1,0,0,0
681,1,5,3,1,1,0,0,0,1,1,0,0,0,1,1,1,1,0,0,0
682,1,5,3,1,1,0,0,0,1,1,0,0,0,1,1,1,1,0,0,0
694,1,0,0,0,0,0,0,0,0,0,0,0,0,0,0,0,0,0,0,0
696,1,0,0,0,0,0,0,0,0,0,0,0,0,0,0,0,0,0,0,0
697,1,0,0,0,0,0,0,0,0,0,0,0,0,0,0,0,0,0,0,0
698,1,0,0,0,0,0,0,0,0,0,0,0,0,0,0,0,0,0,0,0
714,1,5,3,1,1,0,0,0,1,1,0,0,0,1,1,1,1,0,0,0
715,1,5,3,1,1,0,0,0,1,1,0,0,0,1,1,1,1,0,0,0
722,1,0,0,0,0,0,0,0,0,0,0,0,0,0,0,0,0,0,0,0
724,1,5,3,1,1,0,0,0,1,1,0,0,0,1,1,1,1,0,0,0
725,1,0,0,0,0,0,0,0,0,0,0,0,0,0,0,0,0,0,0,0
726,1,5,3,1,1,0,0,0,1,1,0,0,0,1,1,1,1,0,0,0
727,1,0,0,0,0,0,0,0,0,0,0,0,0,0,0,0,0,0,0,0
736,1,0,0,0,0,0,0,0,0,0,0,0,0,0,0,0,0,0,0,0
737,1,5,3,1,1,0,0,0,1,1,0,0,0,1,1,1,1,0,0,0
739,1,0,0,0,0,0,0,0,0,0,0,0,0,0,0,0,0,0,0,0
740,1,5,3,1,1,0,0,0,1,1,0,0,0,1,1,1,1,0,0,0
749,1,5,3,1,1,0,0,0,1,1,0,0,0,1,1,1,1,0,0,0
750,1,0,0,0,0,0,0,0,0,0,0,0,0,0,0,0,0,0,0,0
753,1,5,3,1,1,0,0,0,1,1,0,0,0,1,1,1,1,0,0,0
754,1,5,3,1,1,0,0,0,1,1,0,0,0,1,1,1,1,0,0,0
781,1,5,3,1,1,0,0,0,1,1,0,0,0,1,1,1,1,0,0,0
782,1,5,3,1,1,0,0,0,1,1,0,0,0,1,1,1,1,0,0,0
785,1,5,3,1,1,0,0,0,1,1,0,0,0,1,1,1,1,0,0,0
817,1,5,3,1,1,0,0,0,1,1,0,0,0,1,1,1,1,0,0,0
819,1,5,3,1,1,0,0,0,1,1,0,0,0,1,1,1,1,0,0,0
841,1,0,0,0,0,0,0,0,0,0,0,0,0,0,0,0,0,0,0,0
842,1,0,0,0,0,0,0,0,0,0,0,0,0,0,0,0,0,0,0,0
857,1,0,0,0,0,0,0,0,0,0,0,0,0,0,0,0,0,0,0,0
864,1,0,0,0,0,0,0,0,0,0,0,0,0,0,0,0,0,0,0,0
872,1,5,3,1,1,0,0,0,1,1,0,0,0,1,1,1,1,0,0,0
884,1,0,0,0,0,0,0,0,0,0,0,0,0,0,0,0,0,0,0,0
885,1,5,3,1,1,0,0,0,1,1,0,0,0,1,1,1,1,0,0,0
899,1,5,2,1,1,0,0,0,1,1,0,0,0,1,1,1,0,0,0,0
909,1,5,2,1,1,0,0,0,1,0,0,0,0,1,1,1,1,0,0,0
937,1,5,3,1,1,0,0,0,1,1,0,0,0,1,1,1,1,0,0,0
941,1,5,3,1,1,0,0,0,1,1,0,0,0,1,1,1,1,0,0,0
943,1,0,0,0,0,0,0,0,0,0,0,0,0,0,0,0,0,0,0,0
952,1,5,3,1,1,0,0,0,1,1,0,0,0,1,1,1,1,0,0,0
953,1,5,3,1,1,0,0,0,1,1,0,0,0,1,1,1,1,0,0,0
967,1,5,3,1,1,0,0,0,1,1,0,0,0,1,1,1,1,0,0,0
97,1,5,3,1,1,0,0,0,1,1,0,0,0,1,1,1,1,0,0,0
970,1,5,3,1,1,0,0,0,1,1,0,0,0,1,1,1,1,0,0,0
972,1,5,3,1,1,0,0,0,1,1,0,0,0,1,1,1,1,0,0,0
975,1,5,3,1,1,0,0,0,1,1,0,0,0,1,1,1,1,0,0,0
977,1,5,3,1,1,0,0,0,1,1,0,0,0,1,1,1,1,0,0,0
978,1,5,3,1,1,0,0,0,1,1,0,0,0,1,1,1,1,0,0,0
98,1,5,3,1,1,0,0,0,1,1,0,0,0,1,1,1,1,0,0,0
982,1,5,3,1,1,0,0,0,1,1,0,0,0,1,1,1,1,0,0,0
991,1,5,3,1,1,0,0,0,1,1,0,0,0,1,1,1,1,0,0,0
996,1,5,3,1,1,0,0,0,1,1,0,0,0,1,1,1,1,0,0,0
997,1,5,3,1,1,0,0,0,1,1,0,0,0,1,1,1,1,0,0,0
